系统缩写,便携数码,单反相机,单电/微单,旁轴数码,数码后背,中大画幅,家用摄像机,运动摄像机,专业摄像机,遥控航拍摄像机,单反镜头,单电/微单镜头,旁轴镜头,电影镜头,中大画幅镜头,特效镜头,相机背包,便携小包,保护箱,防潮箱,设备保护,配件,三脚架,独脚架,云台,脚架配件,云台配件,小型设备支架,机顶闪光灯,闪光灯配件,机顶照明,遥控闪光,电源附件,闪光灯支架,遥控线控,屏幕保护,其他附件,镜头盖/遮光罩,微距附加镜,一般附件,镜头保护,UV/保护镜,ND减光镜,特效滤镜,滤镜配件,存储卡,硬盘存储,胶片,相机电池,电池手柄,电源适配器,充电宝
b+w,,,,,,,,,,,,,,,,,,,,,,,,,,,,,,,,,,,,,,,,,,yes,yes,yes,yes,,,,,,,
Bowens,,,,,,,,,,,,,,,,,,,,,,,,,,,,,,,,,,,,,,,,,,,,,,,,,,,,
canon,yes,yes,yes,,,,yes,yes,yes,,yes,yes,,yes,,,,,,,,,,,,,,,yes,yes,,yes,yes,,yes,,,yes,yes,yes,yes,,,,,,,,yes,yes,yes,
casio,yes,,,,,,,,,,,,,,,,,,,,,,,,,,,,,,,,,,,,,,,,,,,,,,,,,,,
cokin,,,,,,,,,,,,,,,,,,,,,,,,,,,,,,,,,,,,,,,,,,yes,yes,yes,yes,,,,,,,
contax,,,,,,,,,,,,,,,,,,,,,,,,,,,,,,,,,,,,,,,,,,,,,,,,,,,,
cosina,,,,,,,,,,,,,,,,,,,,,,,,,,,,,,,,,,,,,,,,,,,,,,,,,,,,
dxo,yes,,,,,,,,,,,,,,,,,,,,,,,,,,,,,,,,,,,,,,,,,,,,,,,,,,,
fujifilm,yes,yes,yes,yes,,,,,,,,yes,,,,,,,,,,,,,,,,,yes,yes,,yes,yes,,yes,,,yes,yes,yes,yes,,,,,,,,,,,
gitzo,,,,,,,,,,,,,,,,,,,,,,,yes,yes,yes,yes,yes,yes,,,,,,,,,,,,,,,,,,,,,,,,
hasselblad,,,,,,,,,,,,,,,,,,,,,,,,,,,,,,,,,,,,,,,,,,,,,,,,,,,,
hoya,,,,,,,,,,,,,,,,,,,,,,,,,,,,,,,,,,,,,,,,,,yes,yes,yes,yes,,,,,,,
joby,,,,,,,,,,,,,,,,,,,,,,,,,,,,yes,,,,,,,,,,,,,,yes,yes,yes,yes,,,,,,,
kenko,,,,,,,,,,,,,,,,,,,,,,,,,,,,,,,,,,,,,,,,,,,,,,,,,,,,
kodak,,,,,,,,,,,,,,,,,,,,,,,,,,,,,,,,,,,,,,,,,,,,,,,,,,,,
konica-minolta ,,,,,,,,,,,,,,,,,,,,,,,,,,,,,,,,,,,,,,,,,,,,,,,,,,,,
leica,yes,,yes,yes,,yes,,,,,,yes,yes,,yes,,,,,,,,,,,,,,,,,,,,,,,,,,,,,,,,,,,,,
lensbaby,,,,,,,,,,,,,,,,,,,,,,,,,,,,,,,,,,,,,,,,,,,,,,,,,,,,
linhof,,,,,,,,,,,,,,,,,,,,,,,,,,,,,,,,,,,,,,,,,,,,,,,,,,,,
lomo,,,,,,,,,,,,,,,,,,,,,,,,,,,,,,,,,,,,,,,,,,,,,,,,,,,,
lowepro,,,,,,,,,,,,,,,,,yes,yes,yes,yes,yes,yes,,,,,,,,,,,,,,,,,,,,,,,,,,,,,,
lumiquest,,,,,,,,,,,,,,,,,,,,,,,,,,,,,,,,,,,,,,,,,,,,,,,,,,,,
lumopro,,,,,,,,,,,,,,,,,,,,,,,,,,,,,,,,,,,,,,,,,,,,,,,,,,,,
lytro,,,,,,,,,,,,,,,,,,,,,,,,,,,,,,,,,,,,,,,,,,,,,,,,,,,,
mamiya,,,,,,,,,,,,,,,,,,,,,,,,,,,,,,,,,,,,,,,,,,,,,,,,,,,,
mamiya-leaf,,,,,,,,,,,,,,,,,,,,,,,,,,,,,,,,,,,,,,,,,,,,,,,,,,,,
manfrotto,,,,,,,,,,,,,,,,,yes,yes,yes,yes,yes,yes,yes,yes,yes,yes,yes,yes,,,,,,,,,,,,,,,,,,,,,,,,
metz,,,,,,,,,,,,,,,,,,,,,,,,,,,,,yes,yes,yes,yes,yes,yes,,,,,,,,,,,,,,,,,,
minolta,,,,,,,,,,,yes,,,,,,,,,,,,,,,,,,,,,,,,,,,,,,,,,,,,,,,,,
minox,,,,,,,,,,,,,,,,,,,,,,,,,,,,,,,,,,,,,,,,,,,,,,,,,,,,
nikon,yes,yes,yes,,,,,,,,yes,yes,,,,,,,,,,,,,,,,,,,,,,,,,,,,,,,,,,,,,,,,
olympus,yes,,yes,,,,,,,,,yes,,,,,,,,,,,,,,,,,,,,,,,,,,,,,,,,,,,,,,,,
opteka,,,,,,,,,,,,,,,,,,,,,,,,,,,,,,,,,,,,,,,,,,,,,,,,,,,,
panasonic,yes,,yes,,,,,,,,,yes,,,,,,,,,,,,,,,,,,,,,,,,,,,,,,,,,,,,,,,,
pentax,yes,yes,yes,,,,,,,,yes,yes,,,,,,,,,,,,,,,,,,,,,,,,,,,,,,,,,,,,,,,,
phase-one,,,,,,,,,,,,,,,,,,,,,,,,,,,,,,,,,,,,,,,,,,,,,,,,,,,,
polaroid,yes,,,,,,,,,,,,,,,,,,,,,,,,,,,,,,,,,,,,,,,,,,,,,,,,,,,
profoto,,,,,,,,,,,,,,,,,,,,,,,,,,,,,,,,,,,,,,,,,,,,,,,,,,,,
really-right-stuff,,,,,,,,,,,,,,,,,,,,,,,yes,yes,yes,yes,yes,yes,,,,,,,,,,,,,,,,,,,,,,,,
ricoh,yes,,yes,,,,,,,,yes,yes,,,,,,,,,,,,,,,,,,,,,,,,,,,,,,,,,,,,,,,,
rodenstock,,,,,,,,,,,,,,,,,,,,,,,,,,,,,,,,,,,,,,,,,,,,,,,,,,,,
rokinon,,,,,,,,,,,,,,,,,,,,,,,,,,,,,,,,,,,,,,,,,,,,,,,,,,,,
rollei,,,,,,,,,,,,,,,,,,,,,,,,,,,,,,,,,,,,,,,,,,,,,,,,,,,,
samsung,yes,yes,yes,,,,,,,,yes,yes,,,,,,,,,,,,,,,,,,,,,,,,,,,,,,,,,,,,,,,,
samyang,,,,,,,,,,,yes,yes,,,,,,,,,,,,,,,,,,,,,,,,,,,,,,,,,,,,,,,,
schneider,,,,,,,,,,,,,,,,,,,,,,,,,,,,,,,,,,,,,,,,,,,,,,,,,,,,
seagull-camera,,,,,,,,,,,,,,,,,,,,,,,,,,,,,,,,,,,,,,,,,,,,,,,,,,,,
seitz,,,,,,,,,,,,,,,,,,,,,,,,,,,,,,,,,,,,,,,,,,,,,,,,,,,,
sekonic,,,,,,,,,,,,,,,,,,,,,,,,,,,,,,,,,,,,,,,,,,,,,,,,,,,,
sigma,yes,yes,,,,,,,,,yes,yes,,,,,,,,,,,,,,,,,,,,,,,,,,,,,,,,,,,,,,,,
singh-ray,,,,,,,,,,,,,,,,,,,,,,,,,,,,,,,,,,,,,,,,,,,,,,,,,,,,
slik,,,,,,,,,,,,,,,,,,,,,,,,,,,,,,,,,,,,,,,,,,,,,,,,,,,,
sony,yes,yes,yes,,,,yes,yes,yes,,yes,yes,,,,,,,,,,,,,,,,,,,,,,,,,,,,,,,,,,,,,,,,
sunpak,,,,,,,,,,,,,,,,,,,,,,,,,,,,,,,,,,,,,,,,,,,,,,,,,,,,
tamrac,,,,,,,,,,,,,,,,,,,,,,,,,,,,,,,,,,,,,,,,,,,,,,,,,,,,
tamron,,,,,,,,,,,yes,yes,,,,,,,,,,,,,,,,,,,,,,,,,,,,,,,,,,,,,,,,
think-tank-photo,,,,,,,,,,,,,,,,,,,,,,,,,,,,,,,,,,,,,,,,,,,,,,,,,,,,
tiffen,,,,,,,,,,,,,,,,,,,,,,,,,,,,,,,,,,,,,,,,,,,,,,,,,,,,
tokina,,,,,,,,,,,yes,,,,,,,,,,,,,,,,,,,,,,,,,,,,,,,,,,,,,,,,,
triggertrap,,,,,,,,,,,,,,,,,,,,,,,,,,,,,,,,,,,,,,,,,,,,,,,,,,,,
velbon,,,,,,,,,,,,,,,,,,,,,,,yes,yes,yes,yes,yes,yes,,,,,,,,,,,,,,,,,,,,,,,,
vivitar,,,,,,,,,,,,,,,,,,,,,,,,,,,,,,,,,,,,,,,,,,,,,,,,,,,,
voigtlander,,,,,,,,,,,yes,yes,yes,,,,,,,,,,,,,,,,,,,,,,,,,,,,,,,,,,,,,,,
walimex,,,,,,,,,,,,,,,,,,,,,,,,,,,,,,,,,,,,,,,,,,,,,,,,,,,,
yongnuo,,,,,,,,,,,,,,,,,,,,,,,,,,,,,yes,yes,yes,yes,yes,yes,,,,,,,,,,,,,,,,,,
zeiss,,,,,,,,,,,yes,yes,yes,yes,,,,,,,,,,,,,,,,,,,,,,,,yes,yes,yes,yes,yes,,,,,,,,,,
zenit,,,,,,,,,,,,,,,,,,,,,,,,,,,,,,,,,,,,,,,,,,,,,,,,,,,,
zorki,,,,,,,,,,,,,,,,,,,,,,,,,,,,,,,,,,,,,,,,,,,,,,,,,,,,
others,yes,yes,yes,yes,yes,yes,yes,yes,yes,yes,yes,yes,yes,yes,yes,yes,yes,yes,yes,yes,yes,yes,yes,yes,yes,yes,yes,yes,yes,yes,yes,yes,yes,yes,yes,yes,yes,yes,yes,yes,yes,yes,yes,yes,yes,yes,yes,yes,yes,yes,yes,yes
